timestamp_iso,source_type,status,chars_returned,latency_ms
2026-10-01T22:36:12.608024+00:00,url,api_error,0,577
2026-10-01T22:36:14.554500+00:00,url,api_error,0,1904
2026-10-01T22:38:09.231035+00:00,url,ok,21,583
2026-10-01T22:38:11.703051+00:00,url,api_error,0,2468
2026-10-01T22:40:09.278591+00:00,url,ok,424,624
2026-10-01T23:34:10.022032+00:00,url,ok,12,700
2026-10-01T23:34:13.027001+00:00,url,ok,371,3001
2026-10-01T23:36:12.575491+00:00,url,ok,0,572
2026-10-01T23:36:13.438431+00:00,url,ok,0,459
2026-10-01T23:36:15.296511+00:00,url,ok,998,2716
2026-10-01T23:36:16.769583+00:00,url,ok,386,3330
2026-10-01T23:40:11.130811+00:00,url,ok,156,712
2026-10-01T23:40:12.150950+00:00,url,ok,15,1017
2026-10-02T00:28:07.931914+00:00,url,ok,350,595
2026-10-02T00:34:10.588845+00:00,url,ok,32,533
2026-10-02T00:34:13.091702+00:00,url,ok,114,2499
2026-10-02T00:52:09.679069+00:00,url,ok,62,532
2026-10-02T01:18:12.861364+00:00,url,ok,436,652
2026-10-02T01:18:13.456852+00:00,url,ok,23,589
2026-10-02T01:18:14.848142+00:00,url,ok,184,572
2026-10-02T01:18:15.460856+00:00,url,ok,160,610
2026-10-02T01:18:19.004801+00:00,url,ok,311,994
2026-10-02T01:18:19.933905+00:00,url,ok,283,925
2026-10-02T01:32:10.426258+00:00,url,ok,32,1747
2026-10-02T01:32:12.793584+00:00,url,ok,114,2363
2026-10-02T01:52:11.084965+00:00,url,ok,71,540
2026-10-02T01:52:11.557600+00:00,url,ok,0,469
2026-10-02T02:40:11.135156+00:00,url,ok,324,888
2026-10-02T02:42:10.892608+00:00,url,ok,5,1743
2026-10-02T02:42:13.526225+00:00,url,ok,423,2629
2026-10-02T02:44:10.717076+00:00,url,ok,68,1969
2026-10-02T02:44:13.010808+00:00,url,ok,158,2290
2026-10-02T03:02:11.364366+00:00,url,ok,0,1389
2026-10-02T03:02:11.515820+00:00,url,ok,14,1401
2026-10-02T03:02:13.724606+00:00,url,ok,410,2357
2026-10-02T03:02:16.073222+00:00,url,ok,992,4556
2026-10-02T03:16:10.604484+00:00,url,ok,186,823
2026-10-02T03:16:11.113422+00:00,url,ok,38,507
2026-10-02T03:18:16.844553+00:00,url,ok,61,594
2026-10-02T03:40:12.510482+00:00,url,ok,152,556
2026-10-02T03:40:12.983474+00:00,url,ok,8,470
2026-10-02T03:52:10.679058+00:00,url,ok,304,806
2026-10-02T03:52:15.735678+00:00,url,ok,319,509
2026-10-02T03:54:10.056403+00:00,url,ok,7,1118
2026-10-02T03:54:13.056838+00:00,url,ok,332,2991
2026-10-02T03:56:11.004490+00:00,url,ok,18,1147
2026-10-02T03:56:13.293482+00:00,url,ok,382,2284
2026-10-02T04:40:10.448525+00:00,url,ok,184,560
2026-10-02T04:40:10.998010+00:00,url,ok,160,546
2026-10-02T04:52:17.165503+00:00,url,ok,398,4720
2026-10-02T05:00:15.069698+00:00,url,ok,218,1924
2026-10-02T05:00:18.230728+00:00,url,ok,349,3158
2026-10-02T05:00:19.320780+00:00,url,ok,0,1931
2026-10-02T05:00:23.665550+00:00,url,ok,710,4343
2026-10-02T05:02:11.658399+00:00,url,ok,0,2006
2026-10-02T05:02:15.260716+00:00,url,ok,944,3599
2026-10-02T05:12:12.722377+00:00,url,ok,0,2389
2026-10-02T05:12:15.702392+00:00,url,ok,910,2976
2026-10-02T05:22:10.091818+00:00,url,ok,2,779
2026-10-02T05:22:14.282458+00:00,url,ok,662,4187
2026-10-02T05:28:12.316820+00:00,url,ok,286,743
2026-10-02T05:52:10.412848+00:00,url,ok,356,588
2026-10-02T07:15:06.501652+00:00,url,ok,59,3109
2026-10-02T07:32:10.528254+00:00,url,ok,21,1995
2026-10-02T07:32:13.486668+00:00,url,ok,41,2957
2026-10-02T08:16:21.529788+00:00,url,ok,353,843
2026-10-02T09:12:12.541829+00:00,url,ok,77,2398
2026-10-02T09:52:27.008406+00:00,url,ok,348,841
2026-10-02T09:54:55.066210+00:00,url,ok,169,632
2026-10-02T10:04:53.301092+00:00,url,ok,42,814
2026-10-02T10:05:01.261401+00:00,url,ok,53,962
2026-10-02T10:12:16.373513+00:00,url,ok,83,1773
2026-10-02T10:32:15.889655+00:00,url,ok,62,1648
2026-10-02T11:22:15.306716+00:00,url,ok,80,1346
2026-10-02T11:40:50.433954+00:00,url,ok,407,785
2026-10-02T12:04:26.690114+00:00,url,ok,273,806
2026-10-02T12:16:49.108563+00:00,url,ok,24,1142
2026-10-02T13:04:12.608355+00:00,url,ok,563,1262
2026-10-02T13:05:07.747547+00:00,url,ok,45,1119
2026-10-02T13:05:13.428397+00:00,url,ok,42,1054
2026-10-02T13:06:19.895850+00:00,url,ok,50,931
2026-10-02T13:06:21.351772+00:00,url,ok,47,988
2026-10-02T13:06:22.851541+00:00,url,ok,56,873
2026-10-02T13:06:26.725997+00:00,url,ok,46,796
2026-10-02T13:06:30.399620+00:00,url,ok,50,1547
2026-10-02T13:06:31.203027+00:00,url,ok,68,927
2026-10-02T13:06:33.574027+00:00,url,ok,57,941
2026-10-02T13:06:36.419200+00:00,url,ok,61,865
2026-10-02T13:08:12.614883+00:00,url,ok,50,1588
2026-10-02T13:08:18.803449+00:00,url,ok,64,930
2026-10-02T13:08:20.111794+00:00,url,ok,32,687
2026-10-02T13:08:23.506456+00:00,url,ok,46,933
2026-10-02T13:22:18.797564+00:00,url,ok,32,4506
2026-10-02T13:22:22.032774+00:00,url,ok,488,3231
2026-10-02T13:52:25.945184+00:00,url,ok,300,1143
2026-10-02T14:28:24.376014+00:00,url,ok,257,728
2026-10-02T14:36:19.241205+00:00,url,ok,71,679
2026-10-02T14:36:21.907656+00:00,url,ok,121,2665
2026-10-02T14:40:24.925736+00:00,url,ok,214,1071
2026-10-02T15:04:23.980633+00:00,url,ok,266,1657
2026-10-02T15:04:24.930153+00:00,url,ok,515,1797
2026-10-02T15:38:16.818698+00:00,url,ok,0,1252
2026-10-02T15:38:19.685475+00:00,url,ok,96,2865
2026-10-02T16:42:12.163649+00:00,url,ok,0,909
2026-10-02T16:42:14.104283+00:00,url,api_error,0,1939
2026-10-02T16:42:20.759427+00:00,url,ok,29,524
2026-10-02T16:42:23.590881+00:00,url,ok,31,2830
2026-10-02T21:14:11.085281+00:00,url,ok,150,1170
2026-10-02T22:40:14.725551+00:00,url,ok,454,2557
2026-10-02T23:40:16.963055+00:00,url,ok,269,1699
2026-10-03T00:40:40.404653+00:00,url,ok,100,2580
2026-10-03T00:52:23.690378+00:00,url,ok,342,809
2026-10-03T01:31:07.374155+00:00,url,ok,279,908
2026-10-03T01:38:16.783904+00:00,url,ok,0,560
2026-10-03T01:38:19.496905+00:00,url,ok,1153,2709
2026-10-03T01:52:33.449913+00:00,url,ok,199,973
2026-10-03T01:52:34.446375+00:00,url,ok,213,995
2026-10-03T02:04:22.700924+00:00,url,ok,295,1047
2026-10-03T02:04:24.661286+00:00,url,ok,211,1679
